,Month,DayOfYear,Variety,City,Package,Low Price,High Price,Price
70,9,267,PIE TYPE,BALTIMORE,1 1/9 bushel cartons,15.0,15.0,13.636363636363635
71,9,267,PIE TYPE,BALTIMORE,1 1/9 bushel cartons,18.0,18.0,16.363636363636363
72,10,274,PIE TYPE,BALTIMORE,1 1/9 bushel cartons,18.0,18.0,16.363636363636363
73,10,274,PIE TYPE,BALTIMORE,1 1/9 bushel cartons,17.0,17.0,15.454545454545453
74,10,281,PIE TYPE,BALTIMORE,1 1/9 bushel cartons,15.0,15.0,13.636363636363635
75,10,281,PIE TYPE,BALTIMORE,1 1/9 bushel cartons,18.0,18.0,16.363636363636363
76,10,281,PIE TYPE,BALTIMORE,1 1/9 bushel cartons,17.0,17.0,15.454545454545453
77,10,281,PIE TYPE,BALTIMORE,1 1/9 bushel cartons,17.0,18.5,16.136363636363637
78,10,288,PIE TYPE,BALTIMORE,1 1/9 bushel cartons,15.0,15.0,13.636363636363635
79,10,288,PIE TYPE,BALTIMORE,1 1/9 bushel cartons,17.0,17.0,15.454545454545453
80,10,288,PIE TYPE,BALTIMORE,1 1/9 bushel cartons,17.0,18.5,16.136363636363637
81,10,295,PIE TYPE,BALTIMORE,1 1/9 bushel cartons,15.0,15.0,13.636363636363635
82,10,295,PIE TYPE,BALTIMORE,1 1/9 bushel cartons,17.0,17.0,15.454545454545453
83,10,295,PIE TYPE,BALTIMORE,1 1/9 bushel cartons,17.0,18.5,16.136363636363637
84,10,302,PIE TYPE,BALTIMORE,1 1/9 bushel cartons,15.0,15.0,13.636363636363635
85,10,302,PIE TYPE,BALTIMORE,1 1/9 bushel cartons,16.0,17.0,14.999999999999998
86,10,302,PIE TYPE,BALTIMORE,1 1/9 bushel cartons,16.0,18.0,15.454545454545453
87,9,258,PIE TYPE,BALTIMORE,1 1/9 bushel cartons,18.0,18.0,16.363636363636363
88,9,265,PIE TYPE,BALTIMORE,1 1/9 bushel cartons,16.0,16.0,14.545454545454545
89,9,265,PIE TYPE,BALTIMORE,1 1/9 bushel cartons,18.0,18.0,16.363636363636363
90,9,265,PIE TYPE,BALTIMORE,1 1/9 bushel cartons,16.0,16.0,14.545454545454545
91,9,272,PIE TYPE,BALTIMORE,1 1/9 bushel cartons,16.0,16.0,14.545454545454545
92,9,272,PIE TYPE,BALTIMORE,1 1/9 bushel cartons,16.0,16.0,14.545454545454545
123,9,267,MINIATURE,BALTIMORE,1/2 bushel cartons,18.0,18.0,36.0
124,9,267,MINIATURE,BALTIMORE,1/2 bushel cartons,15.0,15.0,30.0
125,10,274,MINIATURE,BALTIMORE,1/2 bushel cartons,18.0,18.0,36.0
126,10,274,MINIATURE,BALTIMORE,1/2 bushel cartons,15.0,15.0,30.0
127,10,274,MINIATURE,BALTIMORE,1/2 bushel cartons,17.0,17.0,34.0
128,10,281,MINIATURE,BALTIMORE,1/2 bushel cartons,15.0,15.0,30.0
129,10,281,MINIATURE,BALTIMORE,1/2 bushel cartons,15.0,18.0,33.0
130,10,281,MINIATURE,BALTIMORE,1/2 bushel cartons,16.0,17.0,33.0
131,10,281,MINIATURE,BALTIMORE,1/2 bushel cartons,16.0,18.0,34.0
132,10,288,MINIATURE,BALTIMORE,1/2 bushel cartons,15.0,15.0,30.0
133,10,288,MINIATURE,BALTIMORE,1/2 bushel cartons,15.0,15.0,30.0
134,10,288,MINIATURE,BALTIMORE,1/2 bushel cartons,16.0,17.0,33.0
135,10,288,MINIATURE,BALTIMORE,1/2 bushel cartons,16.0,18.0,34.0
136,10,295,MINIATURE,BALTIMORE,1/2 bushel cartons,15.0,15.0,30.0
137,10,295,MINIATURE,BALTIMORE,1/2 bushel cartons,15.0,15.0,30.0
138,10,295,MINIATURE,BALTIMORE,1/2 bushel cartons,16.0,17.0,33.0
139,10,295,MINIATURE,BALTIMORE,1/2 bushel cartons,16.0,18.0,34.0
140,10,302,MINIATURE,BALTIMORE,1/2 bushel cartons,15.0,17.0,32.0
141,10,302,MINIATURE,BALTIMORE,1/2 bushel cartons,15.0,15.0,30.0
142,10,302,MINIATURE,BALTIMORE,1/2 bushel cartons,16.0,17.0,33.0
143,10,302,MINIATURE,BALTIMORE,1/2 bushel cartons,16.0,18.0,34.0
144,11,309,MINIATURE,BALTIMORE,1/2 bushel cartons,16.0,17.0,33.0
145,9,258,MINIATURE,BALTIMORE,1/2 bushel cartons,18.0,18.0,36.0
146,9,265,MINIATURE,BALTIMORE,1/2 bushel cartons,18.0,18.0,36.0
147,9,265,MINIATURE,BALTIMORE,1/2 bushel cartons,18.0,18.0,36.0
148,9,272,MINIATURE,BALTIMORE,1/2 bushel cartons,18.0,18.0,36.0
149,9,272,MINIATURE,BALTIMORE,1/2 bushel cartons,18.0,18.0,36.0
150,9,267,MINIATURE,BALTIMORE,1/2 bushel cartons,15.0,15.0,30.0
151,10,274,MINIATURE,BALTIMORE,1/2 bushel cartons,15.0,15.0,30.0
152,10,281,MINIATURE,BALTIMORE,1/2 bushel cartons,15.0,15.0,30.0
188,11,309,PIE TYPE,ATLANTA,1 1/9 bushel cartons,14.5,15.0,13.409090909090908
189,11,316,PIE TYPE,ATLANTA,1 1/9 bushel cartons,14.5,15.0,13.409090909090908
190,11,323,PIE TYPE,ATLANTA,1 1/9 bushel cartons,14.5,15.0,13.409090909090908
191,11,330,PIE TYPE,ATLANTA,1 1/9 bushel cartons,14.5,15.0,13.409090909090908
209,9,272,MINIATURE,ATLANTA,1 1/9 bushel cartons,16.5,18.0,15.68181818181818
356,9,267,FAIRYTALE,BOSTON,1/2 bushel cartons,15.0,16.0,31.0
357,10,274,FAIRYTALE,BOSTON,1/2 bushel cartons,15.0,16.0,31.0
358,10,281,FAIRYTALE,BOSTON,1/2 bushel cartons,15.0,16.0,31.0
359,10,288,FAIRYTALE,BOSTON,1/2 bushel cartons,15.0,16.0,31.0
360,10,295,FAIRYTALE,BOSTON,1/2 bushel cartons,15.0,16.0,31.0
361,10,302,FAIRYTALE,BOSTON,1/2 bushel cartons,15.0,16.0,31.0
362,11,309,FAIRYTALE,BOSTON,1/2 bushel cartons,15.0,16.0,31.0
377,9,267,PIE TYPE,BOSTON,1 1/9 bushel crates,15.0,16.0,14.09090909090909
378,10,274,PIE TYPE,BOSTON,1 1/9 bushel crates,15.0,16.0,14.09090909090909
379,10,281,PIE TYPE,BOSTON,1 1/9 bushel crates,15.0,16.0,14.09090909090909
380,10,288,PIE TYPE,BOSTON,1 1/9 bushel crates,15.0,16.0,14.09090909090909
381,10,295,PIE TYPE,BOSTON,1 1/9 bushel crates,15.0,16.0,14.09090909090909
382,10,302,PIE TYPE,BOSTON,1 1/9 bushel crates,15.0,16.0,14.09090909090909
383,11,309,PIE TYPE,BOSTON,1 1/9 bushel crates,15.0,16.0,14.09090909090909
384,11,316,PIE TYPE,BOSTON,1 1/9 bushel crates,15.0,16.0,14.09090909090909
385,11,323,PIE TYPE,BOSTON,1 1/9 bushel crates,15.0,16.0,14.09090909090909
386,11,330,PIE TYPE,BOSTON,1 1/9 bushel crates,15.0,16.0,14.09090909090909
387,12,337,PIE TYPE,BOSTON,1 1/9 bushel crates,15.0,16.0,14.09090909090909
388,9,267,PIE TYPE,BOSTON,1 1/9 bushel cartons,15.0,16.0,14.09090909090909
389,10,274,PIE TYPE,BOSTON,1 1/9 bushel cartons,15.0,16.0,14.09090909090909
390,10,281,PIE TYPE,BOSTON,1 1/9 bushel cartons,15.0,16.0,14.09090909090909
391,10,288,PIE TYPE,BOSTON,1 1/9 bushel cartons,15.0,16.0,14.09090909090909
392,10,295,PIE TYPE,BOSTON,1 1/9 bushel cartons,15.0,16.0,14.09090909090909
393,10,302,PIE TYPE,BOSTON,1 1/9 bushel cartons,15.0,16.0,14.09090909090909
394,11,309,PIE TYPE,BOSTON,1 1/9 bushel cartons,15.0,16.0,14.09090909090909
395,11,316,PIE TYPE,BOSTON,1 1/9 bushel cartons,15.0,16.0,14.09090909090909
396,11,323,PIE TYPE,BOSTON,1 1/9 bushel cartons,15.0,16.0,14.09090909090909
397,11,330,PIE TYPE,BOSTON,1 1/9 bushel cartons,15.0,16.0,14.09090909090909
398,12,337,PIE TYPE,BOSTON,1 1/9 bushel cartons,15.0,16.0,14.09090909090909
399,12,344,PIE TYPE,BOSTON,1 1/9 bushel cartons,15.0,16.0,14.09090909090909
489,9,265,PIE TYPE,BOSTON,bushel cartons,20.0,24.0,22.0
490,9,272,PIE TYPE,BOSTON,bushel cartons,20.0,24.0,22.0
534,9,267,MINIATURE,BOSTON,1/2 bushel cartons,15.0,18.0,33.0
535,9,267,MINIATURE,BOSTON,1/2 bushel cartons,15.0,18.0,33.0
536,10,274,MINIATURE,BOSTON,1/2 bushel cartons,15.0,18.0,33.0
537,10,274,MINIATURE,BOSTON,1/2 bushel cartons,15.0,18.0,33.0
538,10,281,MINIATURE,BOSTON,1/2 bushel cartons,15.0,18.0,33.0
539,10,281,MINIATURE,BOSTON,1/2 bushel cartons,15.0,18.0,33.0
540,10,288,MINIATURE,BOSTON,1/2 bushel cartons,15.0,18.0,33.0
541,10,288,MINIATURE,BOSTON,1/2 bushel cartons,15.0,18.0,33.0
542,10,295,MINIATURE,BOSTON,1/2 bushel cartons,15.0,18.0,33.0
543,10,295,MINIATURE,BOSTON,1/2 bushel cartons,15.0,18.0,33.0
544,10,302,MINIATURE,BOSTON,1/2 bushel cartons,15.0,18.0,33.0
545,10,302,MINIATURE,BOSTON,1/2 bushel cartons,15.0,18.0,33.0
546,11,309,MINIATURE,BOSTON,1/2 bushel cartons,15.0,18.0,33.0
547,11,309,MINIATURE,BOSTON,1/2 bushel cartons,15.0,18.0,33.0
548,9,267,MINIATURE,BOSTON,1/2 bushel cartons,15.0,18.0,33.0
549,9,267,MINIATURE,BOSTON,1/2 bushel cartons,15.0,18.0,33.0
550,10,274,MINIATURE,BOSTON,1/2 bushel cartons,15.0,18.0,33.0
551,10,274,MINIATURE,BOSTON,1/2 bushel cartons,15.0,18.0,33.0
552,10,281,MINIATURE,BOSTON,1/2 bushel cartons,15.0,18.0,33.0
553,10,281,MINIATURE,BOSTON,1/2 bushel cartons,15.0,18.0,33.0
554,10,288,MINIATURE,BOSTON,1/2 bushel cartons,15.0,18.0,33.0
555,10,288,MINIATURE,BOSTON,1/2 bushel cartons,15.0,18.0,33.0
556,10,295,MINIATURE,BOSTON,1/2 bushel cartons,15.0,18.0,33.0
557,10,295,MINIATURE,BOSTON,1/2 bushel cartons,15.0,18.0,33.0
558,10,302,MINIATURE,BOSTON,1/2 bushel cartons,15.0,18.0,33.0
559,10,302,MINIATURE,BOSTON,1/2 bushel cartons,15.0,18.0,33.0
560,11,309,MINIATURE,BOSTON,1/2 bushel cartons,15.0,18.0,33.0
561,11,309,MINIATURE,BOSTON,1/2 bushel cartons,15.0,18.0,33.0
667,9,267,PIE TYPE,CHICAGO,1 1/9 bushel cartons,17.0,17.0,15.454545454545453
668,9,267,PIE TYPE,CHICAGO,1 1/9 bushel cartons,17.0,17.0,15.454545454545453
669,9,267,PIE TYPE,CHICAGO,1 1/9 bushel cartons,17.0,18.0,15.909090909090908
670,10,274,PIE TYPE,CHICAGO,1 1/9 bushel cartons,17.0,18.0,15.909090909090908
671,10,274,PIE TYPE,CHICAGO,1 1/9 bushel cartons,17.0,18.0,15.909090909090908
672,10,274,PIE TYPE,CHICAGO,1 1/9 bushel cartons,17.0,18.0,15.909090909090908
673,10,281,PIE TYPE,CHICAGO,1 1/9 bushel cartons,17.0,18.0,15.909090909090908
674,10,281,PIE TYPE,CHICAGO,1 1/9 bushel cartons,17.0,18.0,15.909090909090908
675,10,281,PIE TYPE,CHICAGO,1 1/9 bushel cartons,17.0,18.0,15.909090909090908
676,10,288,PIE TYPE,CHICAGO,1 1/9 bushel cartons,17.0,18.0,15.909090909090908
677,10,288,PIE TYPE,CHICAGO,1 1/9 bushel cartons,17.0,18.0,15.909090909090908
678,10,288,PIE TYPE,CHICAGO,1 1/9 bushel cartons,17.0,18.0,15.909090909090908
679,10,295,PIE TYPE,CHICAGO,1 1/9 bushel cartons,17.0,17.0,15.454545454545453
680,10,295,PIE TYPE,CHICAGO,1 1/9 bushel cartons,17.0,17.0,15.454545454545453
681,10,295,PIE TYPE,CHICAGO,1 1/9 bushel cartons,17.0,17.0,15.454545454545453
682,10,302,PIE TYPE,CHICAGO,1 1/9 bushel cartons,17.0,17.0,15.454545454545453
683,10,302,PIE TYPE,CHICAGO,1 1/9 bushel cartons,17.0,17.0,15.454545454545453
684,10,302,PIE TYPE,CHICAGO,1 1/9 bushel cartons,17.0,17.0,15.454545454545453
685,11,309,PIE TYPE,CHICAGO,1 1/9 bushel cartons,17.0,17.0,15.454545454545453
686,11,309,PIE TYPE,CHICAGO,1 1/9 bushel cartons,17.0,17.0,15.454545454545453
687,11,309,PIE TYPE,CHICAGO,1 1/9 bushel cartons,17.0,17.0,15.454545454545453
688,11,316,PIE TYPE,CHICAGO,1 1/9 bushel cartons,17.0,17.0,15.454545454545453
689,11,316,PIE TYPE,CHICAGO,1 1/9 bushel cartons,17.0,17.0,15.454545454545453
690,11,316,PIE TYPE,CHICAGO,1 1/9 bushel cartons,17.0,17.0,15.454545454545453
691,11,323,PIE TYPE,CHICAGO,1 1/9 bushel cartons,17.0,17.0,15.454545454545453
692,11,323,PIE TYPE,CHICAGO,1 1/9 bushel cartons,17.0,17.0,15.454545454545453
693,11,323,PIE TYPE,CHICAGO,1 1/9 bushel cartons,17.0,17.0,15.454545454545453
694,11,330,PIE TYPE,CHICAGO,1 1/9 bushel cartons,17.0,17.0,15.454545454545453
695,11,330,PIE TYPE,CHICAGO,1 1/9 bushel cartons,17.0,17.0,15.454545454545453
696,12,337,PIE TYPE,CHICAGO,1 1/9 bushel cartons,17.0,17.0,15.454545454545453
697,12,337,PIE TYPE,CHICAGO,1 1/9 bushel cartons,17.0,17.0,15.454545454545453
698,12,344,PIE TYPE,CHICAGO,1 1/9 bushel cartons,17.0,17.0,15.454545454545453
699,12,344,PIE TYPE,CHICAGO,1 1/9 bushel cartons,17.0,17.0,15.454545454545453
700,8,237,PIE TYPE,CHICAGO,1 1/9 bushel cartons,20.0,20.0,18.18181818181818
701,9,244,PIE TYPE,CHICAGO,1 1/9 bushel cartons,20.0,20.0,18.18181818181818
702,9,244,PIE TYPE,CHICAGO,1 1/9 bushel cartons,18.0,18.0,16.363636363636363
703,9,251,PIE TYPE,CHICAGO,1 1/9 bushel cartons,20.0,20.0,18.18181818181818
704,9,251,PIE TYPE,CHICAGO,1 1/9 bushel cartons,18.0,18.0,16.363636363636363
705,9,258,PIE TYPE,CHICAGO,1 1/9 bushel cartons,18.0,20.0,17.27272727272727
706,9,258,PIE TYPE,CHICAGO,1 1/9 bushel cartons,17.0,19.0,16.363636363636363
707,9,265,PIE TYPE,CHICAGO,1 1/9 bushel cartons,18.0,20.0,17.27272727272727
708,9,265,PIE TYPE,CHICAGO,1 1/9 bushel cartons,17.0,19.0,16.363636363636363
709,9,272,PIE TYPE,CHICAGO,1 1/9 bushel cartons,18.0,20.0,17.27272727272727
710,9,272,PIE TYPE,CHICAGO,1 1/9 bushel cartons,17.0,19.0,16.363636363636363
711,10,281,PIE TYPE,CHICAGO,1 1/9 bushel cartons,22.5,22.5,20.454545454545453
712,10,288,PIE TYPE,CHICAGO,1 1/9 bushel cartons,22.5,22.5,20.454545454545453
713,10,295,PIE TYPE,CHICAGO,1 1/9 bushel cartons,22.5,22.5,20.454545454545453
714,10,302,PIE TYPE,CHICAGO,1 1/9 bushel cartons,22.5,22.5,20.454545454545453
715,11,309,PIE TYPE,CHICAGO,1 1/9 bushel cartons,22.5,22.5,20.454545454545453
716,11,316,PIE TYPE,CHICAGO,1 1/9 bushel cartons,22.5,22.5,20.454545454545453
717,11,323,PIE TYPE,CHICAGO,1 1/9 bushel cartons,22.5,22.5,20.454545454545453
718,11,330,PIE TYPE,CHICAGO,1 1/9 bushel cartons,22.5,22.5,20.454545454545453
719,12,337,PIE TYPE,CHICAGO,1 1/9 bushel cartons,22.5,22.5,20.454545454545453
760,9,258,MINIATURE,CHICAGO,1/2 bushel cartons,19.0,19.0,38.0
761,9,258,MINIATURE,CHICAGO,1/2 bushel cartons,18.0,20.0,38.0
762,9,258,MINIATURE,CHICAGO,1/2 bushel cartons,17.0,19.0,36.0
763,9,265,MINIATURE,CHICAGO,1/2 bushel cartons,19.0,19.0,38.0
764,9,265,MINIATURE,CHICAGO,1/2 bushel cartons,18.0,20.0,38.0
765,9,265,MINIATURE,CHICAGO,1/2 bushel cartons,17.0,19.0,36.0
766,9,272,MINIATURE,CHICAGO,1/2 bushel cartons,19.0,19.0,38.0
767,9,272,MINIATURE,CHICAGO,1/2 bushel cartons,18.0,20.0,38.0
768,9,272,MINIATURE,CHICAGO,1/2 bushel cartons,17.0,19.0,36.0
769,9,267,MINIATURE,CHICAGO,1/2 bushel cartons,17.0,17.0,34.0
770,9,267,MINIATURE,CHICAGO,1/2 bushel cartons,17.0,17.0,34.0
771,9,267,MINIATURE,CHICAGO,1/2 bushel cartons,17.0,17.0,34.0
772,9,267,MINIATURE,CHICAGO,1/2 bushel cartons,17.0,18.0,35.0
773,9,267,MINIATURE,CHICAGO,1/2 bushel cartons,17.0,18.0,35.0
774,10,274,MINIATURE,CHICAGO,1/2 bushel cartons,17.0,18.0,35.0
775,10,274,MINIATURE,CHICAGO,1/2 bushel cartons,17.0,18.0,35.0
776,10,274,MINIATURE,CHICAGO,1/2 bushel cartons,17.0,18.0,35.0
777,10,274,MINIATURE,CHICAGO,1/2 bushel cartons,17.0,18.0,35.0
778,10,281,MINIATURE,CHICAGO,1/2 bushel cartons,17.0,18.0,35.0
779,10,281,MINIATURE,CHICAGO,1/2 bushel cartons,17.0,18.0,35.0
780,10,281,MINIATURE,CHICAGO,1/2 bushel cartons,17.0,18.0,35.0
781,10,281,MINIATURE,CHICAGO,1/2 bushel cartons,17.0,18.0,35.0
782,10,288,MINIATURE,CHICAGO,1/2 bushel cartons,17.0,18.0,35.0
783,10,288,MINIATURE,CHICAGO,1/2 bushel cartons,17.0,18.0,35.0
784,10,288,MINIATURE,CHICAGO,1/2 bushel cartons,17.0,18.0,35.0
785,10,288,MINIATURE,CHICAGO,1/2 bushel cartons,17.0,18.0,35.0
786,10,295,MINIATURE,CHICAGO,1/2 bushel cartons,17.0,17.0,34.0
787,10,295,MINIATURE,CHICAGO,1/2 bushel cartons,17.0,17.0,34.0
788,10,295,MINIATURE,CHICAGO,1/2 bushel cartons,17.0,17.0,34.0
789,10,295,MINIATURE,CHICAGO,1/2 bushel cartons,17.0,17.0,34.0
790,10,302,MINIATURE,CHICAGO,1/2 bushel cartons,17.0,17.0,34.0
791,10,302,MINIATURE,CHICAGO,1/2 bushel cartons,17.0,17.0,34.0
792,10,302,MINIATURE,CHICAGO,1/2 bushel cartons,17.0,17.0,34.0
793,10,302,MINIATURE,CHICAGO,1/2 bushel cartons,17.0,17.0,34.0
794,11,309,MINIATURE,CHICAGO,1/2 bushel cartons,17.0,17.0,34.0
795,11,309,MINIATURE,CHICAGO,1/2 bushel cartons,17.0,17.0,34.0
796,11,309,MINIATURE,CHICAGO,1/2 bushel cartons,17.0,17.0,34.0
797,11,309,MINIATURE,CHICAGO,1/2 bushel cartons,17.0,17.0,34.0
798,11,316,MINIATURE,CHICAGO,1/2 bushel cartons,17.0,17.0,34.0
799,11,316,MINIATURE,CHICAGO,1/2 bushel cartons,17.0,17.0,34.0
800,11,316,MINIATURE,CHICAGO,1/2 bushel cartons,17.0,18.0,35.0
801,11,316,MINIATURE,CHICAGO,1/2 bushel cartons,17.0,17.0,34.0
802,11,323,MINIATURE,CHICAGO,1/2 bushel cartons,17.0,17.0,34.0
803,11,323,MINIATURE,CHICAGO,1/2 bushel cartons,17.0,17.0,34.0
804,11,323,MINIATURE,CHICAGO,1/2 bushel cartons,17.0,17.0,34.0
805,11,323,MINIATURE,CHICAGO,1/2 bushel cartons,17.0,18.0,35.0
806,9,251,MINIATURE,CHICAGO,1/2 bushel cartons,19.0,19.0,38.0
807,9,258,MINIATURE,CHICAGO,1/2 bushel cartons,17.0,19.0,36.0
808,9,265,MINIATURE,CHICAGO,1/2 bushel cartons,17.0,19.0,36.0
809,9,272,MINIATURE,CHICAGO,1/2 bushel cartons,17.0,19.0,36.0
936,9,272,PIE TYPE,COLUMBIA,1 1/9 bushel cartons,20.0,20.0,18.18181818181818
977,9,267,PIE TYPE,COLUMBIA,bushel cartons,19.0,19.0,19.0
978,10,274,PIE TYPE,COLUMBIA,bushel cartons,19.0,19.0,19.0
979,10,281,PIE TYPE,COLUMBIA,bushel cartons,19.0,19.0,19.0
980,10,288,PIE TYPE,COLUMBIA,bushel cartons,19.0,19.0,19.0
981,10,295,PIE TYPE,COLUMBIA,bushel cartons,19.0,19.0,19.0
982,10,302,PIE TYPE,COLUMBIA,bushel cartons,19.0,19.0,19.0
983,11,309,PIE TYPE,COLUMBIA,bushel cartons,19.0,19.0,19.0
984,9,265,PIE TYPE,COLUMBIA,bushel cartons,20.0,20.0,20.0
1019,9,267,MINIATURE,COLUMBIA,1/2 bushel cartons,18.0,18.0,36.0
1020,9,267,MINIATURE,COLUMBIA,1/2 bushel cartons,18.0,18.0,36.0
1021,9,267,MINIATURE,COLUMBIA,1/2 bushel cartons,18.0,18.0,36.0
1022,10,274,MINIATURE,COLUMBIA,1/2 bushel cartons,18.0,18.0,36.0
1023,10,274,MINIATURE,COLUMBIA,1/2 bushel cartons,18.0,18.0,36.0
1024,10,274,MINIATURE,COLUMBIA,1/2 bushel cartons,18.0,18.0,36.0
1025,10,281,MINIATURE,COLUMBIA,1/2 bushel cartons,18.0,18.0,36.0
1026,10,281,MINIATURE,COLUMBIA,1/2 bushel cartons,18.0,18.0,36.0
1027,10,281,MINIATURE,COLUMBIA,1/2 bushel cartons,18.0,18.0,36.0
1028,10,288,MINIATURE,COLUMBIA,1/2 bushel cartons,18.0,18.0,36.0
1029,10,288,MINIATURE,COLUMBIA,1/2 bushel cartons,18.0,18.0,36.0
1030,10,288,MINIATURE,COLUMBIA,1/2 bushel cartons,18.0,18.0,36.0
1031,10,295,MINIATURE,COLUMBIA,1/2 bushel cartons,18.0,18.0,36.0
1032,10,295,MINIATURE,COLUMBIA,1/2 bushel cartons,18.0,18.0,36.0
1033,10,295,MINIATURE,COLUMBIA,1/2 bushel cartons,18.0,18.0,36.0
1034,10,302,MINIATURE,COLUMBIA,1/2 bushel cartons,18.0,18.0,36.0
1035,10,302,MINIATURE,COLUMBIA,1/2 bushel cartons,18.0,18.0,36.0
1036,10,302,MINIATURE,COLUMBIA,1/2 bushel cartons,18.0,18.0,36.0
1037,9,244,MINIATURE,COLUMBIA,1/2 bushel cartons,17.0,17.0,34.0
1038,9,244,MINIATURE,COLUMBIA,1/2 bushel cartons,17.0,17.0,34.0
1039,9,244,MINIATURE,COLUMBIA,1/2 bushel cartons,17.0,17.0,34.0
1040,9,251,MINIATURE,COLUMBIA,1/2 bushel cartons,17.0,17.0,34.0
1041,9,251,MINIATURE,COLUMBIA,1/2 bushel cartons,17.0,17.0,34.0
1042,9,251,MINIATURE,COLUMBIA,1/2 bushel cartons,17.0,17.0,34.0
1043,9,258,MINIATURE,COLUMBIA,1/2 bushel cartons,15.0,15.0,30.0
1044,9,258,MINIATURE,COLUMBIA,1/2 bushel cartons,15.0,15.0,30.0
1045,9,258,MINIATURE,COLUMBIA,1/2 bushel cartons,15.0,15.0,30.0
1046,9,265,MINIATURE,COLUMBIA,1/2 bushel cartons,15.0,15.0,30.0
1047,9,265,MINIATURE,COLUMBIA,1/2 bushel cartons,15.0,15.0,30.0
1048,9,265,MINIATURE,COLUMBIA,1/2 bushel cartons,15.0,15.0,30.0
1049,9,272,MINIATURE,COLUMBIA,1/2 bushel cartons,21.0,21.0,42.0
1050,9,272,MINIATURE,COLUMBIA,1/2 bushel cartons,15.0,15.0,30.0
1051,9,272,MINIATURE,COLUMBIA,1/2 bushel cartons,15.0,15.0,30.0
1052,9,272,MINIATURE,COLUMBIA,1/2 bushel cartons,15.0,15.0,30.0
1056,9,267,MINIATURE,COLUMBIA,bushel cartons,28.0,28.0,28.0
1057,9,267,MINIATURE,COLUMBIA,bushel cartons,28.0,28.0,28.0
1058,10,274,MINIATURE,COLUMBIA,bushel cartons,30.0,30.0,30.0
1059,10,274,MINIATURE,COLUMBIA,bushel cartons,28.0,28.0,28.0
1060,10,274,MINIATURE,COLUMBIA,bushel cartons,28.0,28.0,28.0
1061,10,281,MINIATURE,COLUMBIA,bushel cartons,30.0,30.0,30.0
1062,10,281,MINIATURE,COLUMBIA,bushel cartons,28.0,28.0,28.0
1063,10,281,MINIATURE,COLUMBIA,bushel cartons,28.0,28.0,28.0
1064,10,288,MINIATURE,COLUMBIA,bushel cartons,30.0,30.0,30.0
1065,10,288,MINIATURE,COLUMBIA,bushel cartons,28.0,28.0,28.0
1066,10,288,MINIATURE,COLUMBIA,bushel cartons,28.0,28.0,28.0
1067,10,295,MINIATURE,COLUMBIA,bushel cartons,30.0,30.0,30.0
1068,10,295,MINIATURE,COLUMBIA,bushel cartons,28.0,28.0,28.0
1069,10,295,MINIATURE,COLUMBIA,bushel cartons,28.0,28.0,28.0
1070,10,302,MINIATURE,COLUMBIA,bushel cartons,30.0,30.0,30.0
1071,10,302,MINIATURE,COLUMBIA,bushel cartons,28.0,28.0,28.0
1072,10,302,MINIATURE,COLUMBIA,bushel cartons,28.0,28.0,28.0
1174,9,267,PIE TYPE,NEW YORK,1 1/9 bushel cartons,16.0,18.0,15.454545454545453
1175,10,274,PIE TYPE,NEW YORK,1 1/9 bushel cartons,16.0,18.0,15.454545454545453
1176,10,281,PIE TYPE,NEW YORK,1 1/9 bushel cartons,16.0,18.0,15.454545454545453
1177,10,288,PIE TYPE,NEW YORK,1 1/9 bushel cartons,16.0,18.0,15.454545454545453
1178,10,295,PIE TYPE,NEW YORK,1 1/9 bushel cartons,16.0,18.0,15.454545454545453
1179,10,302,PIE TYPE,NEW YORK,1 1/9 bushel cartons,16.0,18.0,15.454545454545453
1180,11,309,PIE TYPE,NEW YORK,1 1/9 bushel cartons,16.0,18.0,15.454545454545453
1212,9,251,PIE TYPE,NEW YORK,bushel cartons,18.0,20.0,19.0
1213,9,258,PIE TYPE,NEW YORK,bushel cartons,18.0,20.0,19.0
1214,9,265,PIE TYPE,NEW YORK,bushel cartons,18.0,20.0,19.0
1215,9,272,PIE TYPE,NEW YORK,bushel cartons,18.0,20.0,19.0
1220,9,267,MINIATURE,NEW YORK,1/2 bushel cartons,15.0,18.0,33.0
1221,9,267,MINIATURE,NEW YORK,1/2 bushel cartons,20.0,20.0,40.0
1222,10,274,MINIATURE,NEW YORK,1/2 bushel cartons,15.0,18.0,33.0
1223,10,274,MINIATURE,NEW YORK,1/2 bushel cartons,20.0,20.0,40.0
1224,10,281,MINIATURE,NEW YORK,1/2 bushel cartons,18.0,18.0,36.0
1225,10,281,MINIATURE,NEW YORK,1/2 bushel cartons,20.0,20.0,40.0
1226,10,288,MINIATURE,NEW YORK,1/2 bushel cartons,15.0,18.0,33.0
1227,10,288,MINIATURE,NEW YORK,1/2 bushel cartons,18.0,20.0,38.0
1228,10,295,MINIATURE,NEW YORK,1/2 bushel cartons,18.0,20.0,38.0
1229,10,295,MINIATURE,NEW YORK,1/2 bushel cartons,15.0,18.0,33.0
1230,10,302,MINIATURE,NEW YORK,1/2 bushel cartons,15.0,16.0,31.0
1231,10,302,MINIATURE,NEW YORK,1/2 bushel cartons,18.0,18.0,36.0
1232,11,309,MINIATURE,NEW YORK,1/2 bushel cartons,15.0,16.0,31.0
1233,11,309,MINIATURE,NEW YORK,1/2 bushel cartons,18.0,18.0,36.0
1234,10,281,MINIATURE,NEW YORK,1 1/9 bushel crates,18.0,18.0,16.363636363636363
1235,10,281,MINIATURE,NEW YORK,1 1/9 bushel crates,18.0,18.0,16.363636363636363
1236,9,251,MINIATURE,NEW YORK,1/2 bushel cartons,24.0,24.0,48.0
1237,9,251,MINIATURE,NEW YORK,1/2 bushel cartons,18.0,18.0,36.0
1238,9,258,MINIATURE,NEW YORK,1/2 bushel cartons,16.0,20.0,36.0
1239,9,258,MINIATURE,NEW YORK,1/2 bushel cartons,24.0,24.0,48.0
1240,9,265,MINIATURE,NEW YORK,1/2 bushel cartons,16.0,18.0,34.0
1241,9,272,MINIATURE,NEW YORK,1/2 bushel cartons,16.0,18.0,34.0
1242,9,251,MINIATURE,NEW YORK,bushel cartons,32.0,32.0,32.0
1243,10,281,MINIATURE,NEW YORK,1 1/9 bushel crates,18.0,18.0,16.363636363636363
1244,10,281,MINIATURE,NEW YORK,1 1/9 bushel crates,18.0,18.0,16.363636363636363
1245,10,288,MINIATURE,NEW YORK,1 1/9 bushel crates,18.0,18.0,16.363636363636363
1246,10,288,MINIATURE,NEW YORK,1 1/9 bushel crates,18.0,18.0,16.363636363636363
1257,10,295,PIE TYPE,DETROIT,1 1/9 bushel cartons,12.0,12.0,10.909090909090908
1258,10,302,PIE TYPE,DETROIT,1 1/9 bushel cartons,12.0,12.0,10.909090909090908
1259,11,309,PIE TYPE,DETROIT,1 1/9 bushel cartons,12.0,12.0,10.909090909090908
1260,9,251,PIE TYPE,DETROIT,1 1/9 bushel cartons,22.0,22.0,20.0
1261,9,258,PIE TYPE,DETROIT,1 1/9 bushel cartons,20.0,20.0,18.18181818181818
1262,9,258,PIE TYPE,DETROIT,1 1/9 bushel cartons,22.0,22.0,20.0
1263,9,265,PIE TYPE,DETROIT,1 1/9 bushel cartons,15.0,20.0,15.909090909090908
1264,9,272,PIE TYPE,DETROIT,1 1/9 bushel cartons,15.0,15.0,13.636363636363635
1283,9,258,MIXED HEIRLOOM VARIETIES,DETROIT,1 1/9 bushel cartons,20.0,20.0,18.18181818181818
1284,9,265,MIXED HEIRLOOM VARIETIES,DETROIT,1 1/9 bushel cartons,20.0,20.0,18.18181818181818
1514,10,288,PIE TYPE,SAN FRANCISCO,bushel cartons,16.0,18.0,17.0
1515,10,295,PIE TYPE,SAN FRANCISCO,bushel cartons,16.0,18.0,17.0
1516,10,302,PIE TYPE,SAN FRANCISCO,bushel cartons,16.0,18.0,17.0
1517,11,309,PIE TYPE,SAN FRANCISCO,bushel cartons,16.0,18.0,17.0
1518,11,316,PIE TYPE,SAN FRANCISCO,bushel cartons,16.0,18.0,17.0
1533,9,267,MINIATURE,SAN FRANCISCO,1/2 bushel cartons,20.0,26.0,46.0
1534,10,274,MINIATURE,SAN FRANCISCO,1/2 bushel cartons,20.0,20.0,40.0
1535,10,274,MINIATURE,SAN FRANCISCO,1/2 bushel cartons,20.0,20.0,40.0
1536,10,274,MINIATURE,SAN FRANCISCO,1/2 bushel cartons,20.0,20.0,40.0
1537,10,281,MINIATURE,SAN FRANCISCO,1/2 bushel cartons,20.0,22.0,42.0
1538,10,281,MINIATURE,SAN FRANCISCO,1/2 bushel cartons,20.0,22.0,42.0
1539,10,281,MINIATURE,SAN FRANCISCO,1/2 bushel cartons,20.0,22.0,42.0
1540,10,288,MINIATURE,SAN FRANCISCO,1/2 bushel cartons,20.0,22.0,42.0
1541,10,288,MINIATURE,SAN FRANCISCO,1/2 bushel cartons,20.0,22.0,42.0
1542,10,288,MINIATURE,SAN FRANCISCO,1/2 bushel cartons,20.0,22.0,42.0
1543,10,295,MINIATURE,SAN FRANCISCO,1/2 bushel cartons,20.0,22.0,42.0
1544,10,295,MINIATURE,SAN FRANCISCO,1/2 bushel cartons,20.0,22.0,42.0
1545,10,295,MINIATURE,SAN FRANCISCO,1/2 bushel cartons,20.0,22.0,42.0
1546,10,302,MINIATURE,SAN FRANCISCO,1/2 bushel cartons,20.0,20.0,40.0
1547,10,302,MINIATURE,SAN FRANCISCO,1/2 bushel cartons,20.0,20.0,40.0
1548,10,302,MINIATURE,SAN FRANCISCO,1/2 bushel cartons,20.0,20.0,40.0
1549,11,309,MINIATURE,SAN FRANCISCO,1/2 bushel cartons,20.0,20.0,40.0
1550,11,309,MINIATURE,SAN FRANCISCO,1/2 bushel cartons,20.0,20.0,40.0
1551,11,309,MINIATURE,SAN FRANCISCO,1/2 bushel cartons,20.0,20.0,40.0
1552,11,316,MINIATURE,SAN FRANCISCO,1/2 bushel cartons,20.0,20.0,40.0
1553,11,316,MINIATURE,SAN FRANCISCO,1/2 bushel cartons,20.0,20.0,40.0
1569,10,281,MINIATURE,SAN FRANCISCO,bushel baskets,25.0,48.0,36.5
1570,10,288,MINIATURE,SAN FRANCISCO,bushel baskets,45.0,48.0,46.5
1571,10,295,MINIATURE,SAN FRANCISCO,bushel baskets,45.0,48.0,46.5
1572,10,295,MINIATURE,SAN FRANCISCO,bushel baskets,45.0,48.0,46.5
1573,10,302,MINIATURE,SAN FRANCISCO,bushel baskets,45.0,48.0,46.5
1574,11,309,MINIATURE,SAN FRANCISCO,bushel baskets,45.0,45.0,45.0
1575,9,265,MINIATURE,SAN FRANCISCO,bushel baskets,48.0,48.0,48.0
1576,9,265,MINIATURE,SAN FRANCISCO,bushel baskets,48.0,55.0,51.5
1577,9,272,MINIATURE,SAN FRANCISCO,bushel baskets,46.0,48.0,47.0
1578,9,272,MINIATURE,SAN FRANCISCO,bushel baskets,46.0,55.0,50.5
1579,9,267,MINIATURE,SAN FRANCISCO,1/2 bushel cartons,20.0,26.0,46.0
1580,10,274,MINIATURE,SAN FRANCISCO,1/2 bushel cartons,20.0,20.0,40.0
1581,10,281,MINIATURE,SAN FRANCISCO,1/2 bushel cartons,20.0,22.0,42.0
1582,10,288,MINIATURE,SAN FRANCISCO,1/2 bushel cartons,20.0,22.0,42.0
1583,10,295,MINIATURE,SAN FRANCISCO,1/2 bushel cartons,20.0,22.0,42.0
1584,10,302,MINIATURE,SAN FRANCISCO,1/2 bushel cartons,20.0,22.0,42.0
1585,11,309,MINIATURE,SAN FRANCISCO,1/2 bushel cartons,20.0,22.0,42.0
1586,11,316,MINIATURE,SAN FRANCISCO,1/2 bushel cartons,20.0,22.0,42.0
1625,10,288,PIE TYPE,PHILADELPHIA,1 1/9 bushel cartons,12.0,14.0,11.818181818181817
1626,10,295,PIE TYPE,PHILADELPHIA,1 1/9 bushel cartons,12.0,12.0,10.909090909090908
1627,10,302,PIE TYPE,PHILADELPHIA,1 1/9 bushel cartons,12.0,12.0,10.909090909090908
1628,8,237,PIE TYPE,PHILADELPHIA,1 1/9 bushel cartons,18.0,20.0,17.27272727272727
1629,9,258,PIE TYPE,PHILADELPHIA,1 1/9 bushel cartons,18.0,18.0,16.363636363636363
1630,9,265,PIE TYPE,PHILADELPHIA,1 1/9 bushel cartons,18.0,22.0,18.18181818181818
1642,9,267,MINIATURE,PHILADELPHIA,1/2 bushel cartons,17.0,18.0,35.0
1643,10,274,MINIATURE,PHILADELPHIA,1/2 bushel cartons,18.0,18.0,36.0
1644,10,274,MINIATURE,PHILADELPHIA,1/2 bushel cartons,17.0,18.0,35.0
1645,10,281,MINIATURE,PHILADELPHIA,1/2 bushel cartons,15.0,15.0,30.0
1646,10,288,MINIATURE,PHILADELPHIA,1/2 bushel cartons,15.0,18.0,33.0
1647,10,295,MINIATURE,PHILADELPHIA,1/2 bushel cartons,16.0,18.0,34.0
1648,10,302,MINIATURE,PHILADELPHIA,1/2 bushel cartons,16.0,18.0,34.0
1649,11,309,MINIATURE,PHILADELPHIA,1/2 bushel cartons,16.0,18.0,34.0
1650,8,237,MINIATURE,PHILADELPHIA,1/2 bushel cartons,18.0,20.0,38.0
1651,9,258,MINIATURE,PHILADELPHIA,1/2 bushel cartons,16.0,16.0,32.0
1652,9,265,MINIATURE,PHILADELPHIA,1/2 bushel cartons,15.0,16.0,31.0
1653,9,272,MINIATURE,PHILADELPHIA,1/2 bushel cartons,15.0,18.0,33.0
1719,9,269,MINIATURE,ST. LOUIS,1/2 bushel cartons,15.0,15.0,30.0
1720,9,269,MINIATURE,ST. LOUIS,1/2 bushel cartons,15.0,15.0,30.0
1721,9,269,MINIATURE,ST. LOUIS,1/2 bushel cartons,15.75,15.75,31.5
1722,9,269,MINIATURE,ST. LOUIS,1/2 bushel cartons,12.5,12.5,25.0
1723,9,270,MINIATURE,ST. LOUIS,1/2 bushel cartons,15.0,15.0,30.0
1724,9,270,MINIATURE,ST. LOUIS,1/2 bushel cartons,15.0,15.0,30.0
1725,9,270,MINIATURE,ST. LOUIS,1/2 bushel cartons,15.0,15.75,30.75
1726,9,270,MINIATURE,ST. LOUIS,1/2 bushel cartons,12.5,15.0,27.5
1727,9,271,MINIATURE,ST. LOUIS,1/2 bushel cartons,15.0,15.0,30.0
1728,9,271,MINIATURE,ST. LOUIS,1/2 bushel cartons,15.0,15.0,30.0
1729,9,271,MINIATURE,ST. LOUIS,1/2 bushel cartons,15.0,15.75,30.75
1730,9,271,MINIATURE,ST. LOUIS,1/2 bushel cartons,12.5,15.0,27.5
1731,9,272,MINIATURE,ST. LOUIS,1/2 bushel cartons,15.0,15.0,30.0
1732,9,272,MINIATURE,ST. LOUIS,1/2 bushel cartons,15.0,15.0,30.0
1733,9,272,MINIATURE,ST. LOUIS,1/2 bushel cartons,13.75,15.0,28.75
1734,9,272,MINIATURE,ST. LOUIS,1/2 bushel cartons,10.75,15.0,25.75
1735,9,272,MINIATURE,ST. LOUIS,1/2 bushel cartons,12.0,12.0,24.0
1736,9,272,MINIATURE,ST. LOUIS,1/2 bushel cartons,12.0,12.0,24.0
1737,9,273,MINIATURE,ST. LOUIS,1/2 bushel cartons,15.0,15.0,30.0
1738,9,273,MINIATURE,ST. LOUIS,1/2 bushel cartons,15.0,15.0,30.0
1739,9,273,MINIATURE,ST. LOUIS,1/2 bushel cartons,13.75,15.0,28.75
1740,9,273,MINIATURE,ST. LOUIS,1/2 bushel cartons,10.75,15.0,25.75
1741,9,273,MINIATURE,ST. LOUIS,1/2 bushel cartons,12.0,12.0,24.0
1742,9,273,MINIATURE,ST. LOUIS,1/2 bushel cartons,12.0,12.0,24.0
